id,caption
1,Save this for later. Day 1: one small action toward your goal. #growth #creator #consistency
2,Save this for later. Day 2: one small action toward your goal. #growth #creator #consistency
3,Save this for later. Day 3: one small action toward your goal. #growth #creator #consistency
4,Save this for later. Day 4: one small action toward your goal. #growth #creator #consistency
5,Save this for later. Day 5: one small action toward your goal. #growth #creator #consistency
6,Save this for later. Day 6: one small action toward your goal. #growth #creator #consistency
7,Save this for later. Day 7: one small action toward your goal. #growth #creator #consistency
8,Save this for later. Day 8: one small action toward your goal. #growth #creator #consistency
9,Save this for later. Day 9: one small action toward your goal. #growth #creator #consistency
10,Save this for later. Day 10: one small action toward your goal. #growth #creator #consistency
11,Save this for later. Day 11: one small action toward your goal. #growth #creator #consistency
12,Save this for later. Day 12: one small action toward your goal. #growth #creator #consistency
13,Save this for later. Day 13: one small action toward your goal. #growth #creator #consistency
14,Save this for later. Day 14: one small action toward your goal. #growth #creator #consistency
15,Save this for later. Day 15: one small action toward your goal. #growth #creator #consistency
16,Save this for later. Day 16: one small action toward your goal. #growth #creator #consistency
17,Save this for later. Day 17: one small action toward your goal. #growth #creator #consistency
18,Save this for later. Day 18: one small action toward your goal. #growth #creator #consistency
19,Save this for later. Day 19: one small action toward your goal. #growth #creator #consistency
20,Save this for later. Day 20: one small action toward your goal. #growth #creator #consistency
21,Save this for later. Day 21: one small action toward your goal. #growth #creator #consistency
22,Save this for later. Day 22: one small action toward your goal. #growth #creator #consistency
23,Save this for later. Day 23: one small action toward your goal. #growth #creator #consistency
24,Save this for later. Day 24: one small action toward your goal. #growth #creator #consistency
25,Save this for later. Day 25: one small action toward your goal. #growth #creator #consistency
26,Save this for later. Day 26: one small action toward your goal. #growth #creator #consistency
27,Save this for later. Day 27: one small action toward your goal. #growth #creator #consistency
28,Save this for later. Day 28: one small action toward your goal. #growth #creator #consistency
29,Save this for later. Day 29: one small action toward your goal. #growth #creator #consistency
30,Save this for later. Day 30: one small action toward your goal. #growth #creator #consistency
31,Save this for later. Day 31: one small action toward your goal. #growth #creator #consistency
32,Save this for later. Day 32: one small action toward your goal. #growth #creator #consistency
33,Save this for later. Day 33: one small action toward your goal. #growth #creator #consistency
34,Save this for later. Day 34: one small action toward your goal. #growth #creator #consistency
35,Save this for later. Day 35: one small action toward your goal. #growth #creator #consistency
36,Save this for later. Day 36: one small action toward your goal. #growth #creator #consistency
37,Save this for later. Day 37: one small action toward your goal. #growth #creator #consistency
38,Save this for later. Day 38: one small action toward your goal. #growth #creator #consistency
39,Save this for later. Day 39: one small action toward your goal. #growth #creator #consistency
40,Save this for later. Day 40: one small action toward your goal. #growth #creator #consistency
41,Save this for later. Day 41: one small action toward your goal. #growth #creator #consistency
42,Save this for later. Day 42: one small action toward your goal. #growth #creator #consistency
43,Save this for later. Day 43: one small action toward your goal. #growth #creator #consistency
44,Save this for later. Day 44: one small action toward your goal. #growth #creator #consistency
45,Save this for later. Day 45: one small action toward your goal. #growth #creator #consistency
46,Save this for later. Day 46: one small action toward your goal. #growth #creator #consistency
47,Save this for later. Day 47: one small action toward your goal. #growth #creator #consistency
48,Save this for later. Day 48: one small action toward your goal. #growth #creator #consistency
49,Save this for later. Day 49: one small action toward your goal. #growth #creator #consistency
50,Save this for later. Day 50: one small action toward your goal. #growth #creator #consistency
51,Save this for later. Day 51: one small action toward your goal. #growth #creator #consistency
52,Save this for later. Day 52: one small action toward your goal. #growth #creator #consistency
53,Save this for later. Day 53: one small action toward your goal. #growth #creator #consistency
54,Save this for later. Day 54: one small action toward your goal. #growth #creator #consistency
55,Save this for later. Day 55: one small action toward your goal. #growth #creator #consistency
56,Save this for later. Day 56: one small action toward your goal. #growth #creator #consistency
57,Save this for later. Day 57: one small action toward your goal. #growth #creator #consistency
58,Save this for later. Day 58: one small action toward your goal. #growth #creator #consistency
59,Save this for later. Day 59: one small action toward your goal. #growth #creator #consistency
60,Save this for later. Day 60: one small action toward your goal. #growth #creator #consistency
61,Save this for later. Day 61: one small action toward your goal. #growth #creator #consistency
62,Save this for later. Day 62: one small action toward your goal. #growth #creator #consistency
63,Save this for later. Day 63: one small action toward your goal. #growth #creator #consistency
64,Save this for later. Day 64: one small action toward your goal. #growth #creator #consistency
65,Save this for later. Day 65: one small action toward your goal. #growth #creator #consistency
66,Save this for later. Day 66: one small action toward your goal. #growth #creator #consistency
67,Save this for later. Day 67: one small action toward your goal. #growth #creator #consistency
68,Save this for later. Day 68: one small action toward your goal. #growth #creator #consistency
69,Save this for later. Day 69: one small action toward your goal. #growth #creator #consistency
70,Save this for later. Day 70: one small action toward your goal. #growth #creator #consistency
71,Save this for later. Day 71: one small action toward your goal. #growth #creator #consistency
72,Save this for later. Day 72: one small action toward your goal. #growth #creator #consistency
73,Save this for later. Day 73: one small action toward your goal. #growth #creator #consistency
74,Save this for later. Day 74: one small action toward your goal. #growth #creator #consistency
75,Save this for later. Day 75: one small action toward your goal. #growth #creator #consistency
76,Save this for later. Day 76: one small action toward your goal. #growth #creator #consistency
77,Save this for later. Day 77: one small action toward your goal. #growth #creator #consistency
78,Save this for later. Day 78: one small action toward your goal. #growth #creator #consistency
79,Save this for later. Day 79: one small action toward your goal. #growth #creator #consistency
80,Save this for later. Day 80: one small action toward your goal. #growth #creator #consistency
81,Save this for later. Day 81: one small action toward your goal. #growth #creator #consistency
82,Save this for later. Day 82: one small action toward your goal. #growth #creator #consistency
83,Save this for later. Day 83: one small action toward your goal. #growth #creator #consistency
84,Save this for later. Day 84: one small action toward your goal. #growth #creator #consistency
85,Save this for later. Day 85: one small action toward your goal. #growth #creator #consistency
86,Save this for later. Day 86: one small action toward your goal. #growth #creator #consistency
87,Save this for later. Day 87: one small action toward your goal. #growth #creator #consistency
88,Save this for later. Day 88: one small action toward your goal. #growth #creator #consistency
89,Save this for later. Day 89: one small action toward your goal. #growth #creator #consistency
90,Save this for later. Day 90: one small action toward your goal. #growth #creator #consistency
91,Save this for later. Day 91: one small action toward your goal. #growth #creator #consistency
92,Save this for later. Day 92: one small action toward your goal. #growth #creator #consistency
93,Save this for later. Day 93: one small action toward your goal. #growth #creator #consistency
94,Save this for later. Day 94: one small action toward your goal. #growth #creator #consistency
95,Save this for later. Day 95: one small action toward your goal. #growth #creator #consistency
96,Save this for later. Day 96: one small action toward your goal. #growth #creator #consistency
97,Save this for later. Day 97: one small action toward your goal. #growth #creator #consistency
98,Save this for later. Day 98: one small action toward your goal. #growth #creator #consistency
99,Save this for later. Day 99: one small action toward your goal. #growth #creator #consistency
100,Save this for later. Day 100: one small action toward your goal. #growth #creator #consistency
