id,hook
1,Use this simple framework for content creation
2,"If I had to start over in your niche, I'd do this"
3,3 mistakes killing your growth
4,"If I had to start over in your niche, I'd do this"
5,Use this simple framework for content creation
6,"If I had to start over in your niche, I'd do this"
7,Stop scrolling if you want better engagement
8,Steal this hook to get more views
9,No one talks about this in your niche
10,The fastest way to improve your page
11,Do this before you post your next video
12,3 mistakes killing your growth
13,Steal this hook to get more views
14,Use this simple framework for content creation
15,The fastest way to improve your page
16,Steal this hook to get more views
17,Steal this hook to get more views
18,"If I had to start over in your niche, I'd do this"
19,Do this before you post your next video
20,3 mistakes killing your growth
21,No one talks about this in your niche
22,This changed my content in 7 days
23,Do this before you post your next video
24,3 mistakes killing your growth
25,"If I had to start over in your niche, I'd do this"
26,Do this before you post your next video
27,Do this before you post your next video
28,This changed my content in 7 days
29,Do this before you post your next video
30,Steal this hook to get more views
31,Use this simple framework for content creation
32,Steal this hook to get more views
33,This changed my content in 7 days
34,I wish I knew this before content creation
35,Stop scrolling if you want better engagement
36,Stop scrolling if you want higher retention
37,No one talks about this in your niche
38,Stop scrolling if you want more views
39,Stop scrolling if you want faster growth
40,Steal this hook to get more views
41,This changed my content in 7 days
42,3 mistakes killing your growth
43,Stop scrolling if you want higher retention
44,"If I had to start over in your niche, I'd do this"
45,Use this simple framework for content creation
46,Do this before you post your next video
47,No one talks about this in your niche
48,Do this before you post your next video
49,This changed my content in 7 days
50,Stop scrolling if you want more views
51,"If I had to start over in your niche, I'd do this"
52,Do this before you post your next video
53,No one talks about this in your niche
54,Steal this hook to get more views
55,No one talks about this in your niche
56,Steal this hook to get more views
57,The fastest way to improve your page
58,"If I had to start over in your niche, I'd do this"
59,3 mistakes killing your growth
60,This changed my content in 7 days
61,3 mistakes killing your growth
62,I wish I knew this before content creation
63,Use this simple framework for content creation
64,Stop scrolling if you want more views
65,Do this before you post your next video
66,Stop scrolling if you want consistent content
67,This changed my content in 7 days
68,Use this simple framework for content creation
69,Use this simple framework for content creation
70,No one talks about this in your niche
71,This changed my content in 7 days
72,3 mistakes killing your growth
73,I wish I knew this before content creation
74,Do this before you post your next video
75,Do this before you post your next video
76,This changed my content in 7 days
77,This changed my content in 7 days
78,"If I had to start over in your niche, I'd do this"
79,No one talks about this in your niche
80,Stop scrolling if you want better engagement
81,Do this before you post your next video
82,This changed my content in 7 days
83,Do this before you post your next video
84,3 mistakes killing your growth
85,Stop scrolling if you want better engagement
86,The fastest way to improve your page
87,3 mistakes killing your growth
88,Use this simple framework for content creation
89,3 mistakes killing your growth
90,No one talks about this in your niche
91,I wish I knew this before content creation
92,Stop scrolling if you want more views
93,No one talks about this in your niche
94,No one talks about this in your niche
95,The fastest way to improve your page
96,3 mistakes killing your growth
97,No one talks about this in your niche
98,Stop scrolling if you want more views
99,Stop scrolling if you want more views
100,Use this simple framework for content creation
