id,idea
1,Create a mistakes video about productivity
2,Create a myth vs fact video about small business growth
3,Create a storytime video about small business growth
4,Create a how-to video about money habits
5,Create a storytime video about student life
6,Create a 3 tips video about productivity
7,Create a storytime video about money habits
8,Create a myth vs fact video about AI tools
9,Create a how-to video about AI tools
10,Create a myth vs fact video about money habits
11,Create a storytime video about productivity
12,Create a checklist video about student life
13,Create a checklist video about AI tools
14,Create a myth vs fact video about student life
15,Create a how-to video about fitness
16,Create a storytime video about small business growth
17,Create a mistakes video about money habits
18,Create a myth vs fact video about small business growth
19,Create a checklist video about small business growth
20,Create a before/after video about student life
21,Create a myth vs fact video about money habits
22,Create a checklist video about money habits
23,Create a 3 tips video about productivity
24,Create a mistakes video about productivity
25,Create a 3 tips video about student life
26,Create a before/after video about small business growth
27,Create a 3 tips video about money habits
28,Create a storytime video about fitness
29,Create a mistakes video about fitness
30,Create a hot take video about small business growth
31,Create a 3 tips video about fitness
32,Create a checklist video about fitness
33,Create a checklist video about student life
34,Create a mistakes video about money habits
35,Create a 3 tips video about money habits
36,Create a mistakes video about money habits
37,Create a checklist video about productivity
38,Create a before/after video about money habits
39,Create a myth vs fact video about AI tools
40,Create a how-to video about productivity
41,Create a 3 tips video about money habits
42,Create a myth vs fact video about money habits
43,Create a myth vs fact video about fitness
44,Create a storytime video about productivity
45,Create a myth vs fact video about money habits
46,Create a hot take video about fitness
47,Create a before/after video about small business growth
48,Create a how-to video about small business growth
49,Create a mistakes video about small business growth
50,Create a myth vs fact video about student life
51,Create a storytime video about fitness
52,Create a how-to video about small business growth
53,Create a 3 tips video about student life
54,Create a myth vs fact video about AI tools
55,Create a storytime video about money habits
56,Create a how-to video about AI tools
57,Create a before/after video about student life
58,Create a storytime video about productivity
59,Create a storytime video about AI tools
60,Create a how-to video about AI tools
61,Create a mistakes video about small business growth
62,Create a myth vs fact video about AI tools
63,Create a storytime video about fitness
64,Create a hot take video about fitness
65,Create a 3 tips video about productivity
66,Create a how-to video about small business growth
67,Create a checklist video about fitness
68,Create a mistakes video about student life
69,Create a 3 tips video about productivity
70,Create a 3 tips video about productivity
71,Create a mistakes video about small business growth
72,Create a how-to video about small business growth
73,Create a checklist video about small business growth
74,Create a myth vs fact video about productivity
75,Create a storytime video about student life
76,Create a storytime video about AI tools
77,Create a mistakes video about AI tools
78,Create a storytime video about productivity
79,Create a 3 tips video about student life
80,Create a before/after video about student life
81,Create a myth vs fact video about money habits
82,Create a how-to video about AI tools
83,Create a hot take video about money habits
84,Create a hot take video about productivity
85,Create a checklist video about AI tools
86,Create a myth vs fact video about student life
87,Create a 3 tips video about student life
88,Create a before/after video about student life
89,Create a checklist video about productivity
90,Create a how-to video about AI tools
91,Create a 3 tips video about productivity
92,Create a 3 tips video about fitness
93,Create a before/after video about AI tools
94,Create a storytime video about fitness
95,Create a checklist video about money habits
96,Create a 3 tips video about fitness
97,Create a mistakes video about small business growth
98,Create a mistakes video about student life
99,Create a checklist video about student life
100,Create a hot take video about money habits
