trend_type,name,monetization_score,source_url
product,TikTok Made Me Buy It: How To Use the Trend (2025) - Shopify,100,https://www.shopify.com/blog/tiktok-made-me-buy-it
product,"TikTok Shop: Free Shipping on Clothing, Beauty & More",100,https://shop.tiktok.com/us
product,Tiktok made me buy it's Amazon Page,88,https://www.amazon.com/shop/topfantastic
product,TikTok Made Me Buy It,88,https://www.tiktok.com/discover/tiktok-made-me-buy-it
product,TikTok Made Me Buy It: Discover Must-Have Products,88,https://www.tiktok.com/@thesmithyfamily/video/7494944709534600470
product,TikTok Made Me Buy It | TikTok,88,https://www.tiktok.com/discover/tiktok-made-me-buy-it?lang=en
product,15 “Tiktok Made Me Buy It” Products for Sellers: Trend-Finding Guide,88,https://amzscout.net/blog/tiktok-made-me-buy-it-products/
product,TikTok Made Me Buy It: A Guide to Trending Finds in 2025,88,https://sellerhook.com/blog/tiktok-made-me-buy-it
product,TikTok made me buy it: Who’s discovering new products on social media in 2026?,88,https://yougov.com/en-us/articles/54186-tiktok-made-me-buy-it-whos-discovering-new-products-on-social-media-in-2026
product,TikTok Made Me Buy It—17 Trending Products Worth The Hype - Forbes Vetted,88,https://www.forbes.com/sites/forbes-personal-shopper/2023/10/31/tiktok-made-me-buy-it/
product,I Tested Viral TIKTOK SHOP Products! - YouTube,88,https://www.youtube.com/watch?v=NnvG_fdGN6A
product,TikTok Made Me Buy It Clothes | TikTok,88,https://www.tiktok.com/discover/tiktok-made-me-buy-it-clothes
product,56 Products For Anyone In Their “TikTok Made Me Buy It” Era,88,https://www.buzzfeed.com/emmalord9/products-tiktok-buy-era
product,TikTok made me buy it | World Finance,88,https://www.worldfinance.com/strategy/tiktok-made-me-buy-it
product,TikTok Made Me Buy It: Viral Gifts Straight From Your FYP,88,https://www.goodhousekeeping.com/holidays/gift-ideas/g69632683/tiktok-gift-ideas-2025/
product,Top 20 Best Selling Products on TikTok Shop - Helium 10,88,https://www.helium10.com/blog/top-20-best-selling-products-on-tiktok-shop/
product,40 TikTok-Viral Beauty Products That Are Actually Worth It: Makeup ...,88,https://www.teenvogue.com/story/tiktok-viral-beauty-products
product,TikTok Shop Products – Discover Trending Best‑Sellers in 2026 with Minea,88,https://www.minea.com/tiktok-shop-products
product,Best-Seller TikTok Shop Products (Trending in 2025) | Analyzify,88,https://analyzify.com/hub/tiktok-shop-products
product,TikTok Shop Trending Products: Where to Find Them,88,https://www.darkroomagency.com/observatory/tiktok-shop-trending-products-where-to-find-them
