rank,trend_type,name,score,hook,angle,cta,hashtags,source_url
1,product,TikTok Made Me Buy It: How To Use the Trend (2025) - Shopify,100,This product is blowing up for a reason — here's what happened,Demo + problem/solution + before/after,Comment 'LINK' and I'll send details,#fyp #viral #tiktoktrend #contentcreator #tiktokmademebuyit #amazonfinds #musthave,https://www.shopify.com/blog/tiktok-made-me-buy-it
2,product,"TikTok Shop: Free Shipping on Clothing, Beauty & More",100,This product is blowing up for a reason — here's what happened,Demo + problem/solution + before/after,Comment 'LINK' and I'll send details,#fyp #viral #tiktoktrend #contentcreator #tiktokmademebuyit #amazonfinds #musthave,https://shop.tiktok.com/us
3,product,Tiktok made me buy it's Amazon Page,88,This product is blowing up for a reason — here's what happened,Demo + problem/solution + before/after,Comment 'LINK' and I'll send details,#fyp #viral #tiktoktrend #contentcreator #tiktokmademebuyit #amazonfinds #musthave,https://www.amazon.com/shop/topfantastic
4,product,TikTok Made Me Buy It,88,This product is blowing up for a reason — here's what happened,Demo + problem/solution + before/after,Comment 'LINK' and I'll send details,#fyp #viral #tiktoktrend #contentcreator #tiktokmademebuyit #amazonfinds #musthave,https://www.tiktok.com/discover/tiktok-made-me-buy-it
5,product,TikTok Made Me Buy It: Discover Must-Have Products,88,This product is blowing up for a reason — here's what happened,Demo + problem/solution + before/after,Comment 'LINK' and I'll send details,#fyp #viral #tiktoktrend #contentcreator #tiktokmademebuyit #amazonfinds #musthave,https://www.tiktok.com/@thesmithyfamily/video/7494944709534600470
6,product,TikTok Made Me Buy It | TikTok,88,This product is blowing up for a reason — here's what happened,Demo + problem/solution + before/after,Comment 'LINK' and I'll send details,#fyp #viral #tiktoktrend #contentcreator #tiktokmademebuyit #amazonfinds #musthave,https://www.tiktok.com/discover/tiktok-made-me-buy-it?lang=en
7,product,15 “Tiktok Made Me Buy It” Products for Sellers: Trend-Finding Guide,88,This product is blowing up for a reason — here's what happened,Demo + problem/solution + before/after,Comment 'LINK' and I'll send details,#fyp #viral #tiktoktrend #contentcreator #tiktokmademebuyit #amazonfinds #musthave,https://amzscout.net/blog/tiktok-made-me-buy-it-products/
8,product,TikTok Made Me Buy It: A Guide to Trending Finds in 2025,88,This product is blowing up for a reason — here's what happened,Demo + problem/solution + before/after,Comment 'LINK' and I'll send details,#fyp #viral #tiktoktrend #contentcreator #tiktokmademebuyit #amazonfinds #musthave,https://sellerhook.com/blog/tiktok-made-me-buy-it
9,product,TikTok made me buy it: Who’s discovering new products on social media in 2026?,88,This product is blowing up for a reason — here's what happened,Demo + problem/solution + before/after,Comment 'LINK' and I'll send details,#fyp #viral #tiktoktrend #contentcreator #tiktokmademebuyit #amazonfinds #musthave,https://yougov.com/en-us/articles/54186-tiktok-made-me-buy-it-whos-discovering-new-products-on-social-media-in-2026
10,product,TikTok Made Me Buy It—17 Trending Products Worth The Hype - Forbes Vetted,88,This product is blowing up for a reason — here's what happened,Demo + problem/solution + before/after,Comment 'LINK' and I'll send details,#fyp #viral #tiktoktrend #contentcreator #tiktokmademebuyit #amazonfinds #musthave,https://www.forbes.com/sites/forbes-personal-shopper/2023/10/31/tiktok-made-me-buy-it/
11,product,I Tested Viral TIKTOK SHOP Products! - YouTube,88,This product is blowing up for a reason — here's what happened,Demo + problem/solution + before/after,Comment 'LINK' and I'll send details,#fyp #viral #tiktoktrend #contentcreator #tiktokmademebuyit #amazonfinds #musthave,https://www.youtube.com/watch?v=NnvG_fdGN6A
12,product,TikTok Made Me Buy It Clothes | TikTok,88,This product is blowing up for a reason — here's what happened,Demo + problem/solution + before/after,Comment 'LINK' and I'll send details,#fyp #viral #tiktoktrend #contentcreator #tiktokmademebuyit #amazonfinds #musthave,https://www.tiktok.com/discover/tiktok-made-me-buy-it-clothes
13,product,56 Products For Anyone In Their “TikTok Made Me Buy It” Era,88,This product is blowing up for a reason — here's what happened,Demo + problem/solution + before/after,Comment 'LINK' and I'll send details,#fyp #viral #tiktoktrend #contentcreator #tiktokmademebuyit #amazonfinds #musthave,https://www.buzzfeed.com/emmalord9/products-tiktok-buy-era
14,product,TikTok made me buy it | World Finance,88,This product is blowing up for a reason — here's what happened,Demo + problem/solution + before/after,Comment 'LINK' and I'll send details,#fyp #viral #tiktoktrend #contentcreator #tiktokmademebuyit #amazonfinds #musthave,https://www.worldfinance.com/strategy/tiktok-made-me-buy-it
15,product,TikTok Made Me Buy It: Viral Gifts Straight From Your FYP,88,This product is blowing up for a reason — here's what happened,Demo + problem/solution + before/after,Comment 'LINK' and I'll send details,#fyp #viral #tiktoktrend #contentcreator #tiktokmademebuyit #amazonfinds #musthave,https://www.goodhousekeeping.com/holidays/gift-ideas/g69632683/tiktok-gift-ideas-2025/
16,product,Top 20 Best Selling Products on TikTok Shop - Helium 10,88,This product is blowing up for a reason — here's what happened,Demo + problem/solution + before/after,Comment 'LINK' and I'll send details,#fyp #viral #tiktoktrend #contentcreator #tiktokmademebuyit #amazonfinds #musthave,https://www.helium10.com/blog/top-20-best-selling-products-on-tiktok-shop/
17,product,40 TikTok-Viral Beauty Products That Are Actually Worth It: Makeup ...,88,This product is blowing up for a reason — here's what happened,Demo + problem/solution + before/after,Comment 'LINK' and I'll send details,#fyp #viral #tiktoktrend #contentcreator #tiktokmademebuyit #amazonfinds #musthave,https://www.teenvogue.com/story/tiktok-viral-beauty-products
18,product,TikTok Shop Products – Discover Trending Best‑Sellers in 2026 with Minea,88,This product is blowing up for a reason — here's what happened,Demo + problem/solution + before/after,Comment 'LINK' and I'll send details,#fyp #viral #tiktoktrend #contentcreator #tiktokmademebuyit #amazonfinds #musthave,https://www.minea.com/tiktok-shop-products
19,product,Best-Seller TikTok Shop Products (Trending in 2025) | Analyzify,88,This product is blowing up for a reason — here's what happened,Demo + problem/solution + before/after,Comment 'LINK' and I'll send details,#fyp #viral #tiktoktrend #contentcreator #tiktokmademebuyit #amazonfinds #musthave,https://analyzify.com/hub/tiktok-shop-products
20,product,TikTok Shop Trending Products: Where to Find Them,88,This product is blowing up for a reason — here's what happened,Demo + problem/solution + before/after,Comment 'LINK' and I'll send details,#fyp #viral #tiktoktrend #contentcreator #tiktokmademebuyit #amazonfinds #musthave,https://www.darkroomagency.com/observatory/tiktok-shop-trending-products-where-to-find-them
